{"cameraMode":{"drawMode":0,"name":"Shaded","section":"Shading Mode"},"sceneLighting":true,"audioPlay":false,"sceneViewState":{"m_AlwaysRefresh":false,"showFog":true,"showSkybox":true,"showFlares":true,"showImageEffects":true,"showParticleSystems":true,"showVisualEffectGraphs":true,"m_FxEnabled":true},"in2DMode":false,"pivot":{"x":18.002714157104493,"y":-40.633602142333987,"z":-44.85419845581055},"rotation":{"x":-0.23937517404556275,"y":0.0985364094376564,"z":-0.024425236508250238,"w":-0.9656172394752502},"size":59.458168029785159,"orthographic":false}